Ticker,Company Name,Country,State,Exchange,Sector,Industry,IPO Date
A,Agilent Technologies Inc.,US,CA,NYSE,Healthcare,Diagnostics & Research,1999-11-18
AA,Alcoa Corporation,US,PA,NYSE,Basic Materials,Aluminum,2016-10-18
AACG,ATA Creativity Global,CN,,NASDAQ,Consumer Defensive,Education & Training Services,2008-01-29
AADI,Aadi Bioscience Inc.,US,CA,NASDAQ,Healthcare,Biotechnology,2017-08-08
AAIC,Arlington Asset Investment Corp.,US,VA,NYSE,Real Estate,REIT-Mortgage,1997-12-23
AAL,American Airlines Group Inc.,US,TX,NASDAQ,Industrials,Airlines,2013-12-09
AAMC,Altisource Asset Management Corporation,US,VI,AMEX,Financial Services,Asset Management,2012-12-11
AAME,Atlantic American Corporation,US,GA,NASDAQ,Financial Services,Insurance-Life,1980-01-16
AAN,The Aaron's Company Inc.,US,GA,NYSE,Industrials,Rental & Leasing Services,1982-11-05
AAOI,Applied Optoelectronics Inc.,US,TX,NASDAQ,Technology,Semiconductors,2013-09-26
AAON,AAON Inc.,US,OK,NASDAQ,Industrials,Building Products & Equipment,1991-01-03
AAP,Advance Auto Parts Inc.,US,NC,NYSE,Consumer Cyclical,Specialty Retail,2001-11-29
AAPL,Apple Inc.,US,CA,NASDAQ,Technology,Consumer Electronics,1980-12-12
AAT,American Assets Trust Inc.,US,CA,NYSE,Real Estate,REIT-Diversified,2011-01-13
AATC,Autoscope Technologies Corporation,US,MN,NASDAQ,Technology,Scientific & Technical Instruments,2021-07-21
AAU,Almaden Minerals Ltd.,CA,BC,AMEX,Basic Materials,Gold,1990-05-18
AB,AllianceBernstein Holding L.P.,US,NY,NYSE,Financial Services,Asset Management,1988-04-15
ABBV,AbbVie Inc.,US,IL,NYSE,Healthcare,Drug Manufacturers-General,2013-01-02
ABC,AmerisourceBergen Corporation,US,PA,NYSE,Healthcare,Medical Distribution,1993-12-16
ABCB,Ameris Bancorp,US,GA,NASDAQ,Financial Services,Banks-Regional,1994-05-19
ABCL,AbCellera Biologics Inc.,CA,BC,NASDAQ,Healthcare,Biotechnology,2020-12-11
ABCM,Abcam plc,GB,,NASDAQ,Healthcare,Biotechnology,2020-10-02
ABEO,Abeona Therapeutics Inc.,US,NY,NASDAQ,Healthcare,Biotechnology,1980-09-19
ABEV,Ambev S.A.,BR,SP,NYSE,Consumer Defensive,Beverages-Brewers,2013-11-11
ABG,Asbury Automotive Group Inc.,US,GA,NYSE,Consumer Cyclical,Auto & Truck Dealerships,2002-03-14
ABIO,ARCA biopharma Inc.,US,CO,NASDAQ,Healthcare,Biotechnology,2000-07-21
ABM,ABM Industries Incorporated,US,NY,NYSE,Industrials,Specialty Business Services,1971-11-08
ABMD,Abiomed Inc.,US,MASSACHUSETTS,NASDAQ,Healthcare,Medical Devices,1987-07-29
ABNB,Airbnb Inc.,US,CA,NASDAQ,Consumer Cyclical,Travel Services,2020-12-10
ABOS,Acumen Pharmaceuticals Inc.,US,VA,NASDAQ,Healthcare,Biotechnology,2021-06-30
ABR,Arbor Realty Trust Inc.,US,NY,NYSE,Real Estate,REIT-Mortgage,2004-04-07
ABSI,Absci Corporation,US,WA,NASDAQ,Healthcare,Biotechnology,2021-07-22
ABST,Absolute Software Corporation,CA,BC,NASDAQ,Technology,Software-Application,2020-10-26
ABT,Abbott Laboratories,US,IL,NYSE,Healthcare,Medical Devices,1937-03-01
ABUS,Arbutus Biopharma Corporation,US,PA,NASDAQ,Healthcare,Biotechnology,2010-11-13
ABVC,ABVC BioPharma Inc.,US,CA,NASDAQ,Healthcare,Biotechnology,2013-05-15
AC,Associated Capital Group Inc.,US,CT,NYSE,Financial Services,Capital Markets,2015-11-09
ACA,Arcosa Inc.,US,TX,NYSE,Industrials,Infrastructure Operations,2018-10-16
ACAC,Acri Capital Acquisition Corporation,US,TX,NASDAQ,Financial Services,Shell Companies,
ACAD,ACADIA Pharmaceuticals Inc.,US,CA,NASDAQ,Healthcare,Biotechnology,2004-05-27
ACAX,Alset Capital Acquisition Corp.,US,MD,NASDAQ,Financial Services,Shell Companies,
ACB,Aurora Cannabis Inc.,CA,AB,NASDAQ,Healthcare,Drug Manufacturers-Specialty & Generic,2007-09-26
ACCD,Accolade Inc.,US,PA,NASDAQ,Healthcare,Health Information Services,2020-07-02
ACCO,ACCO Brands Corporation,US,IL,NYSE,Industrials,Business Equipment & Supplies,2005-08-05
ACDC,ProFrac Holding Corp.,US,TX,NASDAQ,Energy,Oil & Gas Equipment & Services,2022-05-13
ACEL,Accel Entertainment Inc.,US,IL,NYSE,Consumer Cyclical,Gambling,2017-08-18
ACER,Acer Therapeutics Inc.,US,MA,NASDAQ,Healthcare,Biotechnology,2006-09-01
ACET,Adicet Bio Inc.,US,MA,NASDAQ,Healthcare,Biotechnology,2018-01-26
ACGL,Arch Capital Group Ltd.,BM,,NASDAQ,Financial Services,Insurance-Diversified,1995-09-13
ACGN,Aceragen Inc.,US,PA,NASDAQ,Healthcare,Biotechnology,1996-01-25
ACHC,Acadia Healthcare Company Inc.,US,TN,NASDAQ,Healthcare,Medical Care Facilities,2012-01-11
ACHL,Achilles Therapeutics plc,GB,,NASDAQ,Healthcare,Biotechnology,2021-03-31
ACHR,Archer Aviation Inc.,US,CA,NYSE,Industrials,Aerospace & Defense,2020-12-18
ACHV,Achieve Life Sciences Inc.,CA,BC,NASDAQ,Healthcare,Biotechnology,1995-10-12
ACI,Albertsons Companies Inc.,US,ID,NYSE,Consumer Defensive,Grocery Stores,1988-08-12
ACII,Atlas Crest Investment Corp. II,US,NY,NYSE,Financial Services,Shell Companies,2021-03-29
ACIU,AC Immune SA,CH,,NASDAQ,Healthcare,Biotechnology,2016-09-23
ACIW,ACI Worldwide Inc.,US,FL,NASDAQ,Technology,Software-Infrastructure,1993-11-02
ACLS,Axcelis Technologies Inc.,US,MA,NASDAQ,Technology,Semiconductor Equipment & Materials,2000-07-11
ACLX,Arcellx Inc.,US,MD,NASDAQ,Healthcare,Biotechnology,2022-02-04
ACM,AECOM,US,TX,NYSE,Industrials,Engineering & Construction,2007-05-10
ACMR,ACM Research Inc.,US,CA,NASDAQ,Technology,Semiconductor Equipment & Materials,2017-11-03
ACN,Accenture plc,IE,,NYSE,Technology,Information Technology Services,2009-09-01
ACNB,ACNB Corporation,US,PA,NASDAQ,Financial Services,Banks-Regional,1993-10-27
ACNT,Ascent Industries Co.,US,IL,NASDAQ,Basic Materials,Steel,1980-03-17
ACON,Aclarion Inc.,US,CA,NASDAQ,Healthcare,Health Information Services,2022-04-22
ACONW,Aclarion Inc.,US,CA,NASDAQ,Healthcare,Health Information Services,
ACOR,Acorda Therapeutics Inc.,US,NY,NASDAQ,Healthcare,Drug Manufacturers-Specialty & Generic,2006-02-10
ACP,Abrdn Income Credit Strategies Fund,GB,,NYSE,Financial Services,Asset Management,2011-01-27
ACQRU,Independence Holdings Corp.,US,NY,NASDAQ,Financial Services,Shell Companies,2021-03-05
ACQRW,Independence Holdings Corp.,US,NY,NASDAQ,,,2021-04-29
ACR,ACRES Commercial Realty Corp.,US,NY,NYSE,Real Estate,REIT-Mortgage,2006-02-07
ACRE,Ares Commercial Real Estate Corporation,US,NY,NYSE,Real Estate,REIT-Mortgage,2012-04-26
ACRS,Aclaris Therapeutics Inc.,US,PA,NASDAQ,Healthcare,Diagnostics & Research,2015-10-07
ACRV,Acrivon Therapeutics Inc. Common Stock,US,MA,NASDAQ,,,2022-11-10
ACRX,AcelRx Pharmaceuticals Inc.,US,CA,NASDAQ,Healthcare,Drug Manufacturers-Specialty & Generic,2011-02-11
ACST,Acasti Pharma Inc.,CA,QC,NASDAQ,Healthcare,Biotechnology,2011-03-31
ACTG,Acacia Research Corporation,US,NY,NASDAQ,Industrials,Specialty Business Services,1995-07-05
ACU,Acme United Corporation,US,CT,AMEX,Consumer Defensive,Household & Personal Products,1980-03-17
ACV,Virtus Diversified Income & Convertible Fund,US,NY,NYSE,Financial Services,Asset Management,2015-05-22
ACVA,ACV Auctions Inc.,US,NY,NASDAQ,Consumer Cyclical,Auto & Truck Dealerships,2021-03-24
ACXP,Acurx Pharmaceuticals Inc.,US,NY,NASDAQ,Healthcare,Biotechnology,2021-06-15
ADAG,Adagene Inc.,CN,,NASDAQ,Healthcare,Biotechnology,2021-02-09
ADAP,Adaptimmune Therapeutics plc,GB,,NASDAQ,Healthcare,Biotechnology,2015-05-06
ADBE,Adobe Inc.,US,CA,NASDAQ,Technology,Software-Infrastructure,1986-01-08
ADC,Agree Realty Corporation,US,MI,NYSE,Real Estate,REIT-Retail,1994-04-15
ADD,Color Star Technology Co. Ltd.,US,NY,NASDAQ,Communication Services,Entertainment,2008-11-11
ADEA,Adeia Inc.,US,CA,NASDAQ,Technology,Software-Application,2003-11-20
ADES,Advanced Emissions Solutions Inc.,US,CO,NASDAQ,Industrials,Pollution & Treatment Controls,2004-10-14
ADI,Analog Devices Inc.,US,MA,NASDAQ,Technology,Semiconductors,1979-04-03
ADIL,Adial Pharmaceuticals Inc.,US,VA,NASDAQ,Healthcare,Biotechnology,2018-07-27
ADILW,Adial Pharmaceuticals Inc. WT EXP 073123,US,,NASDAQ,Industrials,,2018-07-27
ADM,Archer-Daniels-Midland Company,US,IL,NYSE,Consumer Defensive,Farm Products,1924-12-24
ADMA,ADMA Biologics Inc.,US,NJ,NASDAQ,Healthcare,Biotechnology,2013-10-17
ADMP,Adamis Pharmaceuticals Corporation,US,CA,NASDAQ,Healthcare,Drug Manufacturers-Specialty & Generic,1995-08-14
ADN,Advent Technologies Holdings Inc.,US,MA,NASDAQ,Utilities,Utilities-Renewable,2018-11-16
ADNT,Adient plc,IE,,NYSE,Consumer Cyclical,Auto Parts,2016-10-17
ADNWW,Advent Technologies Holdings Inc.,US,,NASDAQ,Industrials,,2019-01-24
ADP,Automatic Data Processing Inc.,US,NJ,NASDAQ,Industrials,Staffing & Employment Services,1961-09-01
ADPT,Adaptive Biotechnologies Corporation,US,WA,NASDAQ,Healthcare,Biotechnology,2019-06-27
ADRT,Ault Disruptive Technologies Corporation,US,NV,AMEX,Financial Services,Shell Companies,2022-02-07
ADSE,ADS-TEC Energy PLC,IE,,NASDAQ,Industrials,Electrical Equipment & Parts,2021-03-10
ADSEW,ADS-TEC Energy PLC,IE,,NASDAQ,Industrials,Electrical Equipment & Parts,
ADSK,Autodesk Inc.,US,CA,NASDAQ,Technology,Software-Application,1985-05-01
ADT,ADT Inc.,US,FL,NYSE,Industrials,Security & Protection Services,2018-01-19
ADTH,AdTheorent Holding Company Inc.,US,NY,NASDAQ,Communication Services,Advertising Agencies,2021-12-23
ADTHW,AdTheorent Holding Company Inc.,US,NY,NASDAQ,Communication Services,Advertising Agencies,
ADTN,ADTRAN Holdings Inc.,US,AL,NASDAQ,Technology,Communication Equipment,1994-08-10
ADTX,Aditxt Inc.,US,VA,NASDAQ,Healthcare,Biotechnology,2020-06-30
ADUS,Addus HomeCare Corporation,US,TX,NASDAQ,Healthcare,Medical Care Facilities,2009-10-28
ADV,Advantage Solutions Inc.,US,CA,NASDAQ,Communication Services,Advertising Agencies,1999-01-04
ADVM,Adverum Biotechnologies Inc.,US,CA,NASDAQ,Healthcare,Biotechnology,2014-07-31
ADVWW,Advantage Solutions Inc.,,,NASDAQ,,,
ADX,Adams Diversified Equity Fund Inc.,US,MD,NYSE,Financial Services,Asset Management,1980-03-17
ADXN,Addex Therapeutics Ltd,CH,,NASDAQ,Healthcare,Biotechnology,2020-01-29
AE,Adams Resources & Energy Inc.,US,TX,AMEX,Energy,Oil & Gas Refining & Marketing,1981-05-22
AEE,Ameren Corporation,US,MO,NYSE,Utilities,Utilities-Regulated Electric,1952-12-15
AEF,Abrdn Emerging Markets Equity Income Fund Inc,GB,,NYSE,Financial Services,Asset Management,1989-09-26
AEG,Aegon N.V.,NL,,NYSE,Financial Services,Insurance-Diversified,2001-08-29
AEHL,Antelope Enterprise Holdings Limited,CN,,NASDAQ,Industrials,Building Products & Equipment,2007-12-17
AEHR,Aehr Test Systems,US,CA,NASDAQ,Technology,Semiconductor Equipment & Materials,1997-08-15
AEI,Alset EHome International Inc.,US,MD,NASDAQ,Real Estate,Real Estate-Development,2020-11-24
AEIS,Advanced Energy Industries Inc.,US,CO,NASDAQ,Industrials,Electrical Equipment & Parts,1995-11-17
AEL,American Equity Investment Life Holding Company,US,IA,NYSE,Financial Services,Insurance-Life,2003-12-04
AEM,Agnico Eagle Mines Limited,CA,ON,NYSE,Basic Materials,Gold,1980-03-17
AEMD,Aethlon Medical Inc.,US,CA,NASDAQ,Healthcare,Medical Devices,1994-03-09
AENZ,Aenza S.A.A.,PE,,NYSE,Industrials,Engineering & Construction,2013-07-24
AEO,American Eagle Outfitters Inc.,US,PA,NYSE,Consumer Cyclical,Apparel Retail,2007-03-08
AEP,American Electric Power Company Inc.,US,OH,NASDAQ,Utilities,Utilities-Regulated Electric,1949-09-01
AEPPZ,American Electric Power Company Inc.,US,OH,NASDAQ,Utilities,Utilities-Regulated Electric,2020-08-19
AER,AerCap Holdings N.V.,IE,,NYSE,Industrials,Rental & Leasing Services,2006-11-20
AERC,AeroClean Technologies Inc.,US,FL,NASDAQ,Industrials,Pollution & Treatment Controls,2021-11-24
AERI,Aerie Pharmaceuticals Inc.,US,NORTH CAROLINA,NASDAQ,Healthcare,Drug Manufacturers-Specialty & Generic,2013-10-25
AES,The AES Corporation,US,VA,NYSE,Utilities,Utilities-Diversified,1996-10-16
AESC,The AES Corporation,US,VA,NYSE,Utilities,Utilities-Diversified,2021-03-15
AESE,Allied Esports Entertainment Inc.,US,CALIFORNIA,NASDAQ,Communication Services,Entertainment,2017-10-05
AESI,Atlas Energy Solutions Inc.,US,TX,NYSE,Energy,Oil & Gas Equipment & Services,2023-03-09
AEVA,Aeva Technologies Inc.,US,CA,NYSE,Consumer Cyclical,Auto Parts,2020-02-27
AEY,ADDvantage Technologies Group Inc.,US,TX,NASDAQ,Technology,Electronics & Computer Distribution,2001-12-03
AEYE,AudioEye Inc.,US,AZ,NASDAQ,Technology,Software-Application,2013-04-26
AEZS,Aeterna Zentaris Inc.,US,SC,NASDAQ,Healthcare,Biotechnology,1995-12-19
AFAR,Aura FAT Projects Acquisition Corp,SG,,NASDAQ,Financial Services,Shell Companies,2022-06-03
AFB,AllianceBernstein National Municipal Income Fund Inc.,US,TN,NYSE,Financial Services,Asset Management,2002-01-28
AFBI,Affinity Bancshares Inc.,US,GA,NASDAQ,Financial Services,Banks-Regional,2020-07-23
AFCG,AFC Gamma Inc.,US,FL,NASDAQ,Real Estate,REIT-Specialty,2021-02-11
AFG,American Financial Group Inc.,US,OH,NYSE,Financial Services,Insurance-Property & Casualty,1980-03-17
AFGE,American Financial Group Inc.,US,,NYSE,Industrials,,2020-09-18
AFIB,Acutus Medical Inc.,US,CA,NASDAQ,Healthcare,Medical Devices,2020-08-06
AFL,Aflac Incorporated,US,GA,NYSE,Financial Services,Insurance-Life,1974-06-15
AFMD,Affimed N.V.,DE,,NASDAQ,Healthcare,Biotechnology,2014-09-12
AFRI,Forafric Global PLC,GI,,NASDAQ,Consumer Defensive,Farm Products,2022-06-10
AFRIW,Forafric Global PLC,GI,,NASDAQ,Consumer Defensive,Farm Products,2022-06-10
AFRM,Affirm Holdings Inc.,US,CA,NASDAQ,Technology,Software-Infrastructure,2021-01-13
AFT,Apollo Senior Floating Rate Fund Inc.,US,NY,NYSE,Financial Services,Asset Management,2011-02-24
AFYA,Afya Limited,BR,MG,NASDAQ,Consumer Defensive,Education & Training Services,2019-07-19
AG,First Majestic Silver Corp.,CA,BC,NYSE,Basic Materials,Silver,1981-05-22
AGAE,Allied Gaming & Entertainment Inc.,US,CA,NASDAQ,Communication Services,Entertainment,2017-10-25
AGBA,AGBA Acquisition Limited,HK,,NASDAQ,Financial Services,Shell Companies,2019-05-14
AGCB,Altimeter Growth Corp. 2,US,CA,NYSE,Financial Services,Shell Companies,2021-01-07
AGCO,AGCO Corporation,US,GA,NYSE,Industrials,Farm & Heavy Construction Machinery,1992-06-16
AGD,Abrdn Global Dynamic Dividend Fund,GB,,NYSE,Financial Services,Asset Management,2006-07-26
AGE,AgeX Therapeutics Inc.,US,CA,AMEX,Healthcare,Biotechnology,2018-11-29
AGEN,Agenus Inc.,US,MA,NASDAQ,Healthcare,Biotechnology,2000-02-04
AGFY,Agrify Corporation,US,MA,NASDAQ,Industrials,Engineering & Construction,2021-01-26
AGGRU,Agile Growth Corp.,US,MA,NASDAQ,Financial Services,Shell Companies,2021-03-09
AGGRW,Agile Growth Corp.,US,MA,NASDAQ,,,2021-04-30
AGI,Alamos Gold Inc.,CA,ON,NYSE,Basic Materials,Gold,2015-07-06
AGIL,AgileThought Inc.,US,TX,NASDAQ,Technology,Software-Application,2020-01-14
AGILW,AgileThought Inc.,,,NASDAQ,,,
AGIO,Agios Pharmaceuticals Inc.,US,MA,NASDAQ,Healthcare,Biotechnology,2013-07-24
AGL,agilon health inc.,US,TX,NYSE,Healthcare,Medical Care Facilities,2021-04-15
AGLE,Aeglea BioTherapeutics Inc.,US,TX,NASDAQ,Healthcare,Biotechnology,2016-04-07
AGM,Federal Agricultural Mortgage Corporation,US,DC,NYSE,Financial Services,Credit Services,1988-12-09
AGMH,AGM Group Holdings Inc.,HK,,NASDAQ,Technology,Software-Application,2018-04-18
AGNC,AGNC Investment Corp.,US,MD,NASDAQ,Real Estate,REIT-Mortgage,2008-05-15
AGNCN,AGNC Investment Corp.,US,MD,NASDAQ,Real Estate,REIT-Mortgage,2017-08-16
AGNCP,AGNC Investment Corp.,US,MD,NASDAQ,Real Estate,REIT-Mortgage,2012-04-02
AGO,Assured Guaranty Ltd.,BM,,NYSE,Financial Services,Insurance-Specialty,2004-04-23
AGR,Avangrid Inc.,US,CT,NYSE,Utilities,Utilities-Regulated Electric,2015-12-17
AGRI,AgriFORCE Growing Systems Ltd.,CA,BC,NASDAQ,Consumer Defensive,Farm Products,2021-07-08
AGRIW,AgriFORCE Growing Systems Ltd.,CA,BC,NASDAQ,Consumer Defensive,Farm Products,2021-07-08
AGRO,Adecoagro S.A.,LU,,NYSE,Consumer Defensive,Farm Products,2011-01-28
AGRX,Agile Therapeutics Inc.,US,NJ,NASDAQ,Healthcare,Drug Manufacturers-Specialty & Generic,2014-05-22
AGS,PlayAGS Inc.,US,NV,NYSE,Consumer Cyclical,Gambling,2018-01-26
AGTC,Applied Genetic Technologies Corporation,US,FLORIDA,NASDAQ,Healthcare,Biotechnology,2014-03-27
AGTI,Agiliti Inc.,US,MN,NYSE,Healthcare,Health Information Services,2021-04-23
AGX,Argan Inc.,US,MD,NYSE,Industrials,Engineering & Construction,1970-07-17
AGYS,Agilysys Inc.,US,GA,NASDAQ,Technology,Software-Application,1980-03-17
AHCO,AdaptHealth Corp.,US,PA,NASDAQ,Healthcare,Medical Devices,2018-02-16
AHG,Akso Health Group,CN,,NASDAQ,Financial Services,Credit Services,2017-11-03
AHH,Armada Hoffler Properties Inc.,US,VA,NYSE,Real Estate,REIT-Diversified,2013-08-05
AHI,Advanced Human Imaging Limited,AU,WA,NASDAQ,Technology,Software-Application,2021-11-19
AHPI,Allied Healthcare Products Inc.,US,MO,NASDAQ,Healthcare,Medical Devices,1992-01-14
AHT,Ashford Hospitality Trust Inc.,US,TX,NYSE,Real Estate,REIT-Hotel & Motel,2003-08-26
AI,C3.ai Inc.,US,CA,NYSE,Technology,Information Technology Services,2020-12-09
AIB,AIB Acquisition Corporation,US,NY,NASDAQ,Financial Services,Shell Companies,2022-02-23
AIF,Apollo Tactical Income Fund Inc.,US,NY,NYSE,Financial Services,Asset Management,2013-02-26
AIG,American International Group Inc.,US,NY,NYSE,Financial Services,Insurance-Diversified,1984-10-08
AIH,Aesthetic Medical International Holdings Group Limited,CN,,NASDAQ,Healthcare,Medical Care Facilities,2019-10-25
AIHS,Senmiao Technology Limited,CN,,NASDAQ,Financial Services,Credit Services,2018-03-16
AIKI,AIkido Pharma Inc.,US,NEW YORK,NASDAQ,Healthcare,Biotechnology,1980-03-18
AIM,AIM ImmunoTech Inc.,US,FL,AMEX,Healthcare,Biotechnology,1995-11-06
AIMAU,Aimfinity Investment Corp. I,US,NY,NASDAQ,Financial Services,Shell Companies,
AIMAW,Aimfinity Investment Corp. I,US,NY,NASDAQ,Financial Services,Shell Companies,2022-06-16
AIMC,Altra Industrial Motion Corp.,US,MA,NASDAQ,Industrials,Specialty Industrial Machinery,2006-12-14
AIMD,Ainos Inc.,US,CA,NASDAQ,Healthcare,Biotechnology,2021-01-08
AIN,Albany International Corp.,US,NH,NYSE,Consumer Cyclical,Textile Manufacturing,1987-09-30
AINC,Ashford Inc.,US,TX,AMEX,Financial Services,Asset Management,2014-11-07
AIO,Virtus Artificial Intelligence & Technology Opportunities Fund,US,NY,NYSE,,N/A,2019-10-29
AIP,Arteris Inc.,US,CA,NASDAQ,Technology,Semiconductors,2008-08-25
AIR,AAR Corp.,US,IL,NYSE,Industrials,Aerospace & Defense,1981-05-22
AIRC,Apartment Income REIT Corp.,US,CO,NYSE,Real Estate,REIT-Residential,2020-12-15
AIRG,Airgain Inc.,US,CA,NASDAQ,Technology,Communication Equipment,2016-08-11
AIRI,Air Industries Group,US,NY,AMEX,Industrials,Aerospace & Defense,2000-10-05
AIRS,AirSculpt Technologies Inc.,US,FL,NASDAQ,Healthcare,Medical Care Facilities,2021-10-29
AIRT,Air T Inc.,US,NC,NASDAQ,Industrials,Integrated Freight & Logistics,1984-04-24
AIRTP,Air T Inc.,US,NC,NASDAQ,Industrials,Integrated Freight & Logistics,2019-06-11
AIT,Applied Industrial Technologies Inc.,US,OH,NYSE,Industrials,Industrial Distribution,1980-03-17
AIU,Meta Data Limited,CN,,NYSE,Consumer Defensive,Education & Training Services,
AIV,Apartment Investment and Management Company,US,CO,NYSE,Real Estate,REIT-Residential,2009-07-21
AIXI,Xiao-I Corporation,CN,,NASDAQ,Technology,Software-Application,2023-03-09
AIZ,Assurant Inc.,US,NY,NYSE,Financial Services,Insurance-Specialty,2004-02-05
AJG,Arthur J. Gallagher & Co.,US,IL,NYSE,Financial Services,Insurance Brokers,1984-06-21
AJRD,Aerojet Rocketdyne Holdings Inc.,US,CA,NYSE,Industrials,Aerospace & Defense,1980-03-17
AJX,Great Ajax Corp.,US,OR,NYSE,Real Estate,REIT-Mortgage,2015-02-13
AKA,a.k.a. Brands Holding Corp.,US,CA,NYSE,Consumer Cyclical,Internet Retail,2021-09-22
AKAM,Akamai Technologies Inc.,US,MA,NASDAQ,Technology,Software-Infrastructure,1999-10-29
AKAN,Akanda Corp.,GB,,NASDAQ,Healthcare,Drug Manufacturers-Specialty & Generic,2022-02-25
AKBA,Akebia Therapeutics Inc.,US,MA,NASDAQ,Healthcare,Biotechnology,2014-03-20
AKLI,Akili Inc.,US,MA,NASDAQ,Healthcare,Health Information Services,
AKR,Acadia Realty Trust,US,NY,NYSE,Real Estate,REIT-Retail,1993-05-27
AKRO,Akero Therapeutics Inc.,US,CA,NASDAQ,Healthcare,Biotechnology,2019-06-20
AKTS,Akoustis Technologies Inc.,US,NC,NASDAQ,Technology,Communication Equipment,2017-03-13
AKTX,Akari Therapeutics Plc,GB,,NASDAQ,Healthcare,Biotechnology,2014-01-31
AKU,Akumin Inc.,US,FL,NASDAQ,Healthcare,Diagnostics & Research,2020-09-03
AKUS,Akouos Inc.,US,MA,NASDAQ,Healthcare,Biotechnology,2020-06-26
AKYA,Akoya Biosciences Inc.,US,MA,NASDAQ,Healthcare,Medical Instruments & Supplies,2021-04-16
AL,Air Lease Corporation,US,CA,NYSE,Industrials,Rental & Leasing Services,2011-04-19
ALAR,Alarum Technologies Ltd.,IL,,NASDAQ,Technology,Software-Infrastructure,2018-08-17
ALB,Albemarle Corporation,US,NC,NYSE,Basic Materials,Specialty Chemicals,1994-02-22
ALBO,Albireo Pharma Inc.,US,MA,NASDAQ,Healthcare,Biotechnology,2007-05-11
ALBT,Avalon GloboCare Corp.,US,NJ,NASDAQ,Real Estate,Real Estate Services,2018-03-27
ALC,Alcon Inc.,CH,,NYSE,Healthcare,Medical Instruments & Supplies,2019-04-09
ALCO,Alico Inc.,US,FL,NASDAQ,Consumer Defensive,Farm Products,1980-03-17
ALDX,Aldeyra Therapeutics Inc.,US,MA,NASDAQ,Healthcare,Biotechnology,2014-05-02
ALE,ALLETE Inc.,US,MN,NYSE,Utilities,Utilities-Diversified,1981-05-22
ALEC,Alector Inc.,US,CA,NASDAQ,Healthcare,Biotechnology,2019-02-07
ALEX,Alexander & Baldwin Inc.,US,HI,NYSE,Real Estate,REIT-Diversified,2009-05-12
ALFIQ,Alfi Inc.,US,FL,PNK,Technology,Software-Infrastructure,2021-05-04
ALFIW,Alfi Inc.,US,FL,NASDAQ,,,2021-04-30
ALG,Alamo Group Inc.,US,TX,NYSE,Industrials,Farm & Heavy Construction Machinery,1993-03-19
ALGM,Allegro MicroSystems Inc.,US,NH,NASDAQ,Technology,Semiconductors,2020-10-29
ALGN,Align Technology Inc.,US,AZ,NASDAQ,Healthcare,Medical Devices,2001-01-26
ALGS,Aligos Therapeutics Inc.,US,CA,NASDAQ,Healthcare,Biotechnology,2020-10-16
ALGT,Allegiant Travel Company,US,NV,NASDAQ,Industrials,Airlines,2006-12-08
ALHC,Alignment Healthcare Inc.,US,CA,NASDAQ,Healthcare,Healthcare Plans,2021-03-26
ALIM,Alimera Sciences Inc.,US,GA,NASDAQ,Healthcare,Drug Manufacturers-Specialty & Generic,2010-04-22
ALIT,Alight Inc.,US,IL,NYSE,Technology,Software-Application,2020-07-17
ALJJ,ALJ Regional Holdings Inc.,US,NY,NASDAQ,Industrials,Specialty Business Services,1996-04-03
ALK,Alaska Air Group Inc.,US,WA,NYSE,Industrials,Airlines,1983-02-23
ALKS,Alkermes plc,IE,,NASDAQ,Healthcare,Biotechnology,1991-07-16
ALKT,Alkami Technology Inc.,US,TX,NASDAQ,Technology,Software-Application,2021-04-14
ALL,The Allstate Corporation,US,IL,NYSE,Financial Services,Insurance-Property & Casualty,1993-06-03
ALLE,Allegion plc,IE,,NYSE,Industrials,Security & Protection Services,2013-11-18
ALLG,Allego N.V.,NL,,NYSE,Consumer Cyclical,Auto Parts,2021-04-01
ALLK,Allakos Inc.,US,CA,NASDAQ,Healthcare,Biotechnology,2018-07-19
ALLO,Allogene Therapeutics Inc.,US,CA,NASDAQ,Healthcare,Biotechnology,2018-10-11
ALLR,Allarity Therapeutics Inc.,US,MA,NASDAQ,Healthcare,Biotechnology,2021-12-21
ALLT,Allot Ltd.,IL,,NASDAQ,Technology,Software-Infrastructure,2006-11-16
ALLY,Ally Financial Inc.,US,MI,NYSE,Financial Services,Credit Services,2014-04-10
ALNY,Alnylam Pharmaceuticals Inc.,US,MA,NASDAQ,Healthcare,Biotechnology,2004-05-28
ALOT,AstroNova Inc.,US,RI,NASDAQ,Technology,Computer Hardware,1983-05-26
ALPN,Alpine Immune Sciences Inc.,US,WA,NASDAQ,Healthcare,Biotechnology,2015-06-17
ALPP,Alpine 4 Holdings Inc.,US,AZ,NASDAQ,Industrials,Metal Fabrication,2017-01-13
ALPS,Alpine Summit Energy Partners Inc.,US,TN,NASDAQ,Energy,Oil & Gas E&P,2022-09-28
ALRM,Alarm.com Holdings Inc.,US,VA,NASDAQ,Technology,Software-Application,2015-06-26
ALRN,Aileron Therapeutics Inc.,US,MA,NASDAQ,Healthcare,Biotechnology,2017-06-29
ALRS,Alerus Financial Corporation,US,ND,NASDAQ,Financial Services,Banks-Regional,2001-07-27
ALSN,Allison Transmission Holdings Inc.,US,IN,NYSE,Consumer Cyclical,Auto Parts,2012-03-15
ALTG,Alta Equipment Group Inc.,US,MI,NYSE,Industrials,Rental & Leasing Services,2019-04-09
ALTI,AlTi Global Inc.,US,NY,NASDAQ,Financial Services,Asset Management,2021-04-27
ALTO,Alto Ingredients Inc.,US,IL,NASDAQ,Basic Materials,Specialty Chemicals,2005-03-24
ALTR,Altair Engineering Inc.,US,MI,NASDAQ,Technology,Software-Infrastructure,2017-11-01
ALV,Autoliv Inc.,SE,,NYSE,Consumer Cyclical,Auto Parts,1997-04-28
ALVO,Alvotech,IS,,NASDAQ,Healthcare,Drug Manufacturers-Specialty & Generic,2022-06-16
ALVOW,Alvotech,IS,,NASDAQ,Healthcare,Drug Manufacturers-Specialty & Generic,2022-06-16
ALVR,AlloVir Inc.,US,MA,NASDAQ,Healthcare,Biotechnology,2020-07-30
ALX,Alexander's Inc.,US,NJ,NYSE,Real Estate,REIT-Retail,1980-03-17
ALXO,ALX Oncology Holdings Inc.,US,CA,NASDAQ,Healthcare,Biotechnology,2020-07-17
ALYA,Alithya Group Inc.,CA,QC,NASDAQ,Technology,Information Technology Services,2018-11-01
ALZN,Alzamend Neuro Inc.,US,GA,NASDAQ,Healthcare,Biotechnology,2021-06-15
AM,Antero Midstream Corporation,US,CO,NYSE,Energy,Oil & Gas Midstream,2017-05-04
AMAL,Amalgamated Financial Corp.,US,NY,NASDAQ,Financial Services,Banks-Regional,2018-06-06
AMAM,Ambrx Biopharma Inc.,US,CA,NYSE,Healthcare,Biotechnology,2010-11-04
AMAT,Applied Materials Inc.,US,CA,NASDAQ,Technology,Semiconductor Equipment & Materials,1980-03-17
AMBA,Ambarella Inc.,US,CA,NASDAQ,Technology,Semiconductor Equipment & Materials,2012-10-10
AMBC,Ambac Financial Group Inc.,US,NY,NYSE,Financial Services,Insurance-Specialty,1991-07-10
AMBI,Ambipar Emergency Response,BR,SP,ASE,Industrials,Waste Management,2020-09-11
AMBO,Ambow Education Holding Ltd.,CN,,AMEX,Consumer Defensive,Education & Training Services,2010-08-05
AMBP,Ardagh Metal Packaging S.A.,LU,,NYSE,Consumer Cyclical,Packaging & Containers,2021-08-02
AMC,AMC Entertainment Holdings Inc.,US,KS,NYSE,Communication Services,Entertainment,2013-12-18
AMCR,Amcor plc,CH,,NYSE,Consumer Cyclical,Packaging & Containers,2019-06-11
AMCX,AMC Networks Inc.,US,NY,NASDAQ,Communication Services,Entertainment,2011-06-16
AMD,Advanced Micro Devices Inc.,US,CA,NASDAQ,Technology,Semiconductors,1979-10-15
AME,AMETEK Inc.,US,PA,NYSE,Industrials,Specialty Industrial Machinery,1930-07-01
AMED,Amedisys Inc.,US,LA,NASDAQ,Healthcare,Medical Care Facilities,1994-08-17
AMEH,Apollo Medical Holdings Inc.,US,CA,NASDAQ,Healthcare,Medical Care Facilities,1999-04-09
AMG,Affiliated Managers Group Inc.,US,FL,NYSE,Financial Services,Asset Management,1997-11-21
AMGN,Amgen Inc.,US,CA,NASDAQ,Healthcare,Drug Manufacturers-General,1987-05-01
AMH,American Homes 4 Rent,US,CA,NYSE,Real Estate,REIT-Residential,2013-08-01
AMK,AssetMark Financial Holdings Inc.,US,CA,NYSE,Financial Services,Asset Management,2019-07-18
AMKR,Amkor Technology Inc.,US,AZ,NASDAQ,Technology,Semiconductors,1998-05-01
AMLI,American Lithium Corp.,CA,BC,NASDAQ,Basic Materials,Other Industrial Metals & Mining,2016-03-09
AMLX,Amylyx Pharmaceuticals Inc.,US,MA,NASDAQ,Healthcare,Biotechnology,2022-01-07
AMN,AMN Healthcare Services Inc.,US,TX,NYSE,Healthcare,Medical Care Facilities,2001-11-13
AMNB,American National Bankshares Inc.,US,VA,NASDAQ,Financial Services,Banks-Regional,1994-04-04
AMOT,Allied Motion Technologies Inc.,US,NY,NASDAQ,Technology,Electronic Components,1980-10-20
AMOV,América Móvil S.A.B. de C.V.,MX,DF,NYSE,Communication Services,Telecom Services,2001-02-07
AMP,Ameriprise Financial Inc.,US,MN,NYSE,Financial Services,Asset Management,2005-09-15
AMPE,Ampio Pharmaceuticals Inc.,US,CO,AMEX,Healthcare,Biotechnology,2011-05-19
AMPG,AmpliTech Group Inc.,US,NY,NASDAQ,Technology,Communication Equipment,2013-06-03
AMPH,Amphastar Pharmaceuticals Inc.,US,CA,NASDAQ,Healthcare,Drug Manufacturers-Specialty & Generic,2014-06-25
AMPI,Advanced Merger Partners Inc,US,NY,NYSE,Financial Services,Shell Companies,2021-04-22
AMPL,Amplitude Inc.,US,CA,NASDAQ,Technology,Software-Application,2021-09-28
AMPS,Altus Power Inc.,US,CT,NYSE,Utilities,Utilities-Renewable,2021-02-01
AMPX,Amprius Technologies Inc.,US,CA,NYSE,Industrials,Electrical Equipment & Parts,
AMPY,Amplify Energy Corp.,US,TX,NYSE,Energy,Oil & Gas E&P,2012-07-12
AMR,Alpha Metallurgical Resources Inc.,US,TN,NYSE,Basic Materials,Coking Coal,2008-04-30
AMRC,Ameresco Inc.,US,MA,NYSE,Industrials,Engineering & Construction,2010-07-22
AMRK,A-Mark Precious Metals Inc.,US,CA,NASDAQ,Financial Services,Capital Markets,2014-03-17
AMRN,Amarin Corporation plc,IE,,NASDAQ,Healthcare,Biotechnology,1993-04-01
AMRS,Amyris Inc.,US,CA,NASDAQ,Basic Materials,Specialty Chemicals,2010-09-28
AMRX,Amneal Pharmaceuticals Inc.,US,NJ,NYSE,Healthcare,Drug Manufacturers-Specialty & Generic,2009-03-16
AMS,American Shared Hospital Services,US,CA,AMEX,Healthcare,Medical Care Facilities,1984-07-04
AMSC,American Superconductor Corporation,US,MA,NASDAQ,Industrials,Specialty Industrial Machinery,1991-12-12
AMSF,AMERISAFE Inc.,US,LA,NASDAQ,Financial Services,Insurance-Specialty,2005-11-18
AMST,Amesite Inc.,US,MI,NASDAQ,Technology,Software-Application,2020-09-25
AMSWA,American Software Inc.,US,GA,NASDAQ,Technology,Software-Application,1983-02-25
AMT,American Tower Corporation,US,MA,NYSE,Real Estate,REIT-Specialty,2012-01-03
AMTB,Amerant Bancorp Inc.,US,FL,NASDAQ,Financial Services,Banks-Regional,2018-08-13
AMTD,AMTD IDEA Group,HK,,NYSE,Financial Services,Asset Management,2022-01-31
AMTI,Applied Molecular Transport Inc.,US,CA,NASDAQ,Healthcare,Biotechnology,2020-06-05
AMTX,Aemetis Inc.,US,CA,NASDAQ,Energy,Oil & Gas Refining & Marketing,2006-06-01
AMWD,American Woodmark Corporation,US,VA,NASDAQ,Consumer Cyclical,Furnishings, Fixtures & Appliances,1986-07-18
AMWL,American Well Corporation,US,MA,NYSE,Healthcare,Health Information Services,2020-09-17
AMX,América Móvil S.A.B. de C.V.,MX,DF,NYSE,Communication Services,Telecom Services,2001-08-29
AMZN,Amazon.com Inc.,US,WA,NASDAQ,Consumer Cyclical,Internet Retail,1997-05-01
AN,AutoNation Inc.,US,FL,NYSE,Consumer Cyclical,Auto & Truck Dealerships,1997-06-20
ANAB,AnaptysBio Inc.,US,CA,NASDAQ,Healthcare,Biotechnology,2017-01-26
ANDE,The Andersons Inc.,US,OH,NASDAQ,Consumer Defensive,Food Distribution,1996-02-20
ANEB,Anebulo Pharmaceuticals Inc.,US,TX,NASDAQ,Healthcare,Biotechnology,2021-05-07
ANET,Arista Networks Inc.,US,CA,NYSE,Technology,Computer Hardware,2014-06-06
ANF,Abercrombie & Fitch Co.,US,OH,NYSE,Consumer Cyclical,Apparel Retail,1996-09-26
ANGH,Anghami Inc.,AE,,NASDAQ,Communication Services,Entertainment,2022-02-04
ANGHW,Anghami Inc.,AE,,NASDAQ,Communication Services,Entertainment,2022-02-04
ANGI,Angi Inc.,US,CO,NASDAQ,Communication Services,Internet Content & Information,2017-10-02
ANGN,Angion Biomedica Corp.,US,NY,NASDAQ,Healthcare,Biotechnology,2021-02-05
ANGO,AngioDynamics Inc.,US,NY,NASDAQ,Healthcare,Medical Instruments & Supplies,2004-05-27
ANIK,Anika Therapeutics Inc.,US,MA,NASDAQ,Healthcare,Medical Devices,1985-05-16
ANIP,ANI Pharmaceuticals Inc.,US,MN,NASDAQ,Healthcare,Drug Manufacturers-Specialty & Generic,2000-05-04
ANIX,Anixa Biosciences Inc.,US,CA,NASDAQ,Healthcare,Biotechnology,1983-10-07
ANNX,Annexon Inc.,US,CA,NASDAQ,Healthcare,Biotechnology,2020-07-24
ANSS,ANSYS Inc.,US,PA,NASDAQ,Technology,Software-Application,1996-06-20
ANTE,AirNet Technology Inc.,CN,,NASDAQ,Communication Services,Telecom Services,2007-11-07
ANTX,AN2 Therapeutics Inc.,US,CA,NASDAQ,Healthcare,Biotechnology,2022-03-25
ANVS,Annovis Bio Inc.,US,PA,NYSE,Healthcare,Biotechnology,2020-01-29
ANY,Sphere 3D Corp.,CA,ON,NASDAQ,Technology,Software-Application,2014-07-07
AOD,Abrdn Total Dynamic Dividend Fund,GB,,NYSE,Financial Services,Asset Management,2007-01-26
AOMR,Angel Oak Mortgage Inc.,US,GA,NYSE,Real Estate,REIT-Mortgage,2021-06-17
AON,Aon plc,IE,,NYSE,Financial Services,Insurance Brokers,1980-06-02
AORT,Artivion Inc.,US,GA,NYSE,Healthcare,Medical Devices,1999-12-27
AOS,A. O. Smith Corporation,US,WI,NYSE,Industrials,Specialty Industrial Machinery,1994-12-14
AOSL,Alpha and Omega Semiconductor Limited,US,CA,NASDAQ,Technology,Semiconductors,2010-04-29
AOUT,American Outdoor Brands Inc.,US,MO,NASDAQ,Consumer Cyclical,Leisure,2020-08-21
AP,Ampco-Pittsburgh Corporation,US,PA,NYSE,Industrials,Metal Fabrication,1980-03-17
APA,APA Corporation,US,TX,NASDAQ,Energy,Oil & Gas E&P,1969-05-27
APAM,Artisan Partners Asset Management Inc.,US,WI,NYSE,Financial Services,Asset Management,2013-03-07
APCX,AppTech Payments Corp.,US,CA,NASDAQ,Technology,Software-Infrastructure,2013-06-04
APCXW,AppTech Payments Corp.,US,CA,NASDAQ,Technology,Software-Infrastructure,2022-01-05
APD,Air Products and Chemicals Inc.,US,PA,NYSE,Basic Materials,Specialty Chemicals,1961-11-13
APDN,Applied DNA Sciences Inc.,US,NY,NASDAQ,Healthcare,Diagnostics & Research,2001-08-24
APE,AMC Entertainment Holdings Inc.,US,KS,NYSE,Communication Services,Entertainment,
APEI,American Public Education Inc.,US,WV,NASDAQ,Consumer Defensive,Education & Training Services,2007-11-09
APGB,Apollo Strategic Growth Capital II,US,NY,NYSE,Financial Services,Shell Companies,2021-04-05
APGN,Apexigen Inc.,US,CA,NASDAQ,Healthcare,Biotechnology,2021-02-22
APH,Amphenol Corporation,US,CT,NYSE,Technology,Electronic Components,1991-11-08
API,Agora Inc.,CN,,NASDAQ,Technology,Software-Application,1997-06-16
APLD,Applied Digital Corporation,US,TX,NASDAQ,Financial Services,Capital Markets,2002-07-22
APLE,Apple Hospitality REIT Inc.,US,VA,NYSE,Real Estate,REIT-Hotel & Motel,2015-05-18
APLS,Apellis Pharmaceuticals Inc.,US,MA,NASDAQ,Healthcare,Biotechnology,2017-11-09
APLT,Applied Therapeutics Inc.,US,NY,NASDAQ,Healthcare,Biotechnology,2019-05-09
APM,Aptorum Group Limited,GB,,NASDAQ,Healthcare,Biotechnology,2018-12-18
APO,Apollo Global Management Inc.,US,NY,NYSE,Financial Services,Asset Management,2011-03-30
APOG,Apogee Enterprises Inc.,US,MN,NASDAQ,Industrials,Building Products & Equipment,1971-07-01
APP,AppLovin Corporation,US,CA,NASDAQ,Technology,Software-Application,2021-04-15
APPF,AppFolio Inc.,US,CA,NASDAQ,Technology,Software-Application,2015-06-26
APPH,AppHarvest Inc.,US,KY,NASDAQ,Consumer Defensive,Farm Products,2020-06-12
APPHW,AppHarvest Inc.,,,NASDAQ,,,
APPN,Appian Corporation,US,VA,NASDAQ,Technology,Software-Infrastructure,2017-05-25
APPS,Digital Turbine Inc.,US,TX,NASDAQ,Technology,Software-Application,2006-06-30
APRE,Aprea Therapeutics Inc.,US,MA,NASDAQ,Healthcare,Biotechnology,2019-10-03
APRN,Blue Apron Holdings Inc.,US,NY,NYSE,Consumer Cyclical,Internet Retail,2017-06-29
APT,Alpha Pro Tech Ltd.,CA,ON,AMEX,Industrials,Building Products & Equipment,1993-10-28
APTM,Alpha Partners Technology Merger Corp.,US,NY,NASDAQ,Financial Services,Shell Companies,2021-09-17
APTMU,Alpha Partners Technology Merger Corp.,US,NY,NASDAQ,Financial Services,Shell Companies,2021-07-23
APTMW,Alpha Partners Technology Merger Corp.,,,NASDAQ,,,
APTO,Aptose Biosciences Inc.,CA,ON,NASDAQ,Healthcare,Biotechnology,1993-06-04
APTV,Aptiv PLC,IE,,NYSE,Consumer Cyclical,Auto Parts,2011-11-17
APTX,Aptinyx Inc.,US,IL,NASDAQ,Healthcare,Biotechnology,2018-06-21
APVO,Aptevo Therapeutics Inc.,US,WA,NASDAQ,Healthcare,Biotechnology,2016-07-20
APWC,Asia Pacific Wire & Cable Corporation Limited,TW,,NASDAQ,Industrials,Electrical Equipment & Parts,2011-04-29
APYX,Apyx Medical Corporation,US,FL,NASDAQ,Healthcare,Medical Devices,1983-07-22
AQB,AquaBounty Technologies Inc.,US,MA,NASDAQ,Consumer Defensive,Farm Products,2017-01-09
AQMS,Aqua Metals Inc.,US,NV,NASDAQ,Industrials,Waste Management,2015-07-31
AQN,Algonquin Power & Utilities Corp.,CA,ON,NYSE,Utilities,Utilities-Renewable,1997-12-23
AQNU,Algonquin Power & Utilities Corp.,CA,ON,NYSE,Utilities,Utilities-Renewable,2021-06-29
AQST,Aquestive Therapeutics Inc.,US,NJ,NASDAQ,Healthcare,Drug Manufacturers-Specialty & Generic,2018-07-25
AQU,Aquaron Acquisition Corp.,US,NY,NASDAQ,Financial Services,Shell Companies,2022-10-19
AQUA,Evoqua Water Technologies Corp.,US,PA,NYSE,Industrials,Pollution & Treatment Controls,2017-11-02
AR,Antero Resources Corporation,US,CO,NYSE,Energy,Oil & Gas E&P,2013-10-10
ARAV,Aravive Inc.,US,TX,NASDAQ,Healthcare,Biotechnology,2014-03-20
ARAY,Accuray Incorporated,US,CA,NASDAQ,Healthcare,Medical Devices,2007-02-08
ARBB,ARB IOT Group Limited,MY,,NASDAQ,Technology,Information Technology Services,2023-04-05
ARBE,Arbe Robotics Ltd.,IL,,NASDAQ,Technology,Software-Infrastructure,2001-01-02
ARBEW,Arbe Robotics Ltd.,IL,,NASDAQ,Technology,Software-Infrastructure,2021-10-08
ARBK,Argo Blockchain plc,GB,,NASDAQ,Financial Services,Capital Markets,2009-12-27
ARC,ARC Document Solutions Inc.,US,CA,NYSE,Industrials,Specialty Business Services,2005-02-04
ARCB,ArcBest Corporation,US,AR,NASDAQ,Industrials,Trucking,1992-05-13
ARCC,Ares Capital Corporation,US,CA,NASDAQ,Financial Services,Asset Management,2012-10-08
ARCE,Arco Platform Limited,BR,SP,NASDAQ,Consumer Defensive,Education & Training Services,2018-09-26
ARCH,Arch Resources Inc.,US,MO,NYSE,Energy,Thermal Coal,2016-10-05
ARCK,Arbor Rapha Capital Bioholdings Corp. I,US,NY,NASDAQ,Financial Services,Shell Companies,2011-01-28
ARCKU,Arbor Rapha Capital Bioholdings Corp. I,US,NY,NASDAQ,Financial Services,Shell Companies,
ARCKW,Arbor Rapha Capital Bioholdings Corp. I,US,NY,NASDAQ,Financial Services,Shell Companies,
ARCO,Arcos Dorados Holdings Inc.,UY,,NYSE,Consumer Cyclical,Restaurants,2011-04-14
ARCT,Arcturus Therapeutics Holdings Inc.,US,CA,NASDAQ,Healthcare,Biotechnology,2013-05-22
ARDC,Ares Dynamic Credit Allocation Fund Inc.,US,CA,NYSE,Financial Services,Asset Management,2012-11-28
ARDS,Aridis Pharmaceuticals Inc.,US,CA,NASDAQ,Healthcare,Biotechnology,2018-08-14
ARDX,Ardelyx Inc.,US,MA,NASDAQ,Healthcare,Biotechnology,2014-06-19
ARE,Alexandria Real Estate Equities Inc.,US,CA,NYSE,Real Estate,REIT-Office,1997-05-28
AREB,American Rebel Holdings Inc.,US,KS,NASDAQ,Consumer Cyclical,Footwear & Accessories,2018-01-23
AREBW,American Rebel Holdings Inc.,US,KS,NASDAQ,Consumer Cyclical,Footwear & Accessories,2022-02-07
AREC,American Resources Corporation,US,IN,NASDAQ,Basic Materials,Coking Coal,2015-08-03
AREN,The Arena Group Holdings Inc.,US,NY,AMEX,Communication Services,Internet Content & Information,1996-11-21
ARES,Ares Management Corporation,US,CA,NYSE,Financial Services,Asset Management,2014-05-02
ARGO,Argo Group International Holdings Ltd.,BM,,NYSE,Financial Services,Insurance-Property & Casualty,1987-03-25
ARGU,Argus Capital Corp.,US,NY,NASDAQ,Financial Services,Shell Companies,2021-11-12
ARGUW,Argus Capital Corp.,,,NASDAQ,,,
ARGX,argenx SE,NL,,NASDAQ,Healthcare,Biotechnology,2017-05-18
ARHS,Arhaus Inc.,US,OH,NASDAQ,Consumer Cyclical,Home Improvement Retail,2021-11-04
ARI,Apollo Commercial Real Estate Finance Inc.,US,NY,NYSE,Real Estate,REIT-Mortgage,2009-09-24
ARIS,Aris Water Solutions Inc.,US,TX,NYSE,Utilities,Utilities-Regulated Water,2021-10-22
ARKO,Arko Corp.,US,VA,NASDAQ,Consumer Cyclical,Specialty Retail,2019-07-23
ARKOW,Arko Corp.,US,VA,NASDAQ,Consumer Cyclical,Specialty Retail,2019-07-23
ARKR,Ark Restaurants Corp.,US,NY,NASDAQ,Consumer Cyclical,Restaurants,1985-12-13
ARL,American Realty Investors Inc.,US,TX,NYSE,Real Estate,Real Estate-Development,1982-04-21
ARLO,Arlo Technologies Inc.,US,CA,NYSE,Industrials,Security & Protection Services,2018-08-03
ARLP,Alliance Resource Partners L.P.,US,OK,NASDAQ,Energy,Thermal Coal,1999-08-17
ARMK,Aramark,US,PA,NYSE,Industrials,Specialty Business Services,2013-12-12
ARMP,Armata Pharmaceuticals Inc.,US,CA,AMEX,Healthcare,Biotechnology,1994-05-20
ARNC,Arconic Corporation,US,PA,NYSE,Industrials,Metal Fabrication,2020-04-01
AROC,Archrock Inc.,US,TX,NYSE,Energy,Oil & Gas Equipment & Services,2000-05-24
AROW,Arrow Financial Corporation,US,NY,NASDAQ,Financial Services,Banks-Regional,1980-09-18
ARQQ,Arqit Quantum Inc.,GB,,NASDAQ,Technology,Software-Infrastructure,2021-04-01
ARQQW,Arqit Quantum Inc.,,,NASDAQ,,,2022-08-02
ARQT,Arcutis Biotherapeutics Inc.,US,CA,NASDAQ,Healthcare,Biotechnology,2020-01-31
ARR,ARMOUR Residential REIT Inc.,US,FL,NYSE,Real Estate,REIT-Mortgage,2007-12-03
ARRY,Array Technologies Inc.,US,NM,NASDAQ,Technology,Solar,2019-07-30
ARTE,Artemis Strategic Investment Corporation,US,AZ,NASDAQ,Financial Services,Shell Companies,2021-11-22
ARTEU,Artemis Strategic Investment Corporation,US,AZ,NASDAQ,Financial Services,Shell Companies,2021-09-30
ARTEW,Artemis Strategic Investment Corporation,US,AZ,NASDAQ,Financial Services,Shell Companies,2021-11-22
ARTL,Artelo Biosciences Inc.,US,CA,NASDAQ,Healthcare,Biotechnology,2015-10-13
ARTLW,Artelo Biosciences Inc.,US,,NASDAQ,Industrials,,2019-06-21
ARTNA,Artesian Resources Corporation,US,DE,NASDAQ,Utilities,Utilities-Regulated Water,1994-04-04
ARTW,Art's-Way Manufacturing Co. Inc.,US,IA,NASDAQ,Industrials,Farm & Heavy Construction Machinery,1980-03-17
ARVL,Arrival,LU,,NASDAQ,Consumer Cyclical,Auto Manufacturers,2021-03-25
ARVN,Arvinas Inc.,US,CT,NASDAQ,Healthcare,Biotechnology,2018-09-27
ARW,Arrow Electronics Inc.,US,CO,NYSE,Technology,Electronics & Computer Distribution,1979-02-26
ARWR,Arrowhead Pharmaceuticals Inc.,US,CA,NASDAQ,Healthcare,Biotechnology,1993-12-14
ASA,ASA Gold and Precious Metals Limited,US,ME,NYSE,Financial Services,Asset Management,1980-03-17
ASAI,Sendas Distribuidora S.A.,BR,RJ,NYSE,Consumer Defensive,Grocery Stores,2021-03-08
ASAN,Asana Inc.,US,CA,NYSE,Technology,Software-Application,2020-09-30
ASAP,Waitr Holdings Inc.,US,LA,NASDAQ,Technology,Software-Application,2016-08-18
ASB,Associated Banc-Corp,US,WI,NYSE,Financial Services,Banks-Regional,1980-03-17
ASC,Ardmore Shipping Corporation,BM,,NYSE,Industrials,Marine Shipping,2013-07-31
ASCA,A SPAC I Acquisition Corp.,SG,,NASDAQ,Financial Services,Shell Companies,2022-03-17
ASCB,A SPAC II Acquisition Corporation,SG,,NASDAQ,Financial Services,Shell Companies,2022-05-31
ASG,Liberty All-Star Growth Fund Inc.,US,CO,NYSE,Financial Services,Asset Management,1986-03-06
ASGI,Abrdn Global Infrastructure Income Fund,US,,NYSE,Technology,,2020-07-29
ASGN,ASGN Incorporated,US,VA,NYSE,Technology,Information Technology Services,2012-08-31
ASH,Ashland Inc.,US,DE,NYSE,Basic Materials,Specialty Chemicals,1980-03-17
ASIX,AdvanSix Inc.,US,NJ,NYSE,Basic Materials,Chemicals,2016-09-14
ASLE,AerSale Corporation,US,FL,NASDAQ,Industrials,Airports & Air Services,2020-12-15
ASLN,ASLAN Pharmaceuticals Limited,SG,,NASDAQ,Healthcare,Biotechnology,2018-05-04
ASM,Avino Silver & Gold Mines Ltd.,CA,BC,AMEX,Basic Materials,Other Precious Metals & Mining,2018-01-08
ASMB,Assembly Biosciences Inc.,US,CA,NASDAQ,Healthcare,Biotechnology,2010-12-17
ASML,ASML Holding N.V.,NL,,NASDAQ,Technology,Semiconductor Equipment & Materials,2001-08-24
ASND,Ascendis Pharma A/S,DK,,NASDAQ,Healthcare,Biotechnology,2015-01-28
ASNS,Actelis Networks Inc.,US,CA,NASDAQ,Technology,Communication Equipment,2022-05-13
ASO,Academy Sports and Outdoors Inc.,US,TX,NASDAQ,Consumer Cyclical,Specialty Retail,2020-10-02
ASPA,Abri SPAC I Inc.,US,CA,NASDAQ,Financial Services,Shell Companies,2021-09-02
ASPI,ASP Isotopes Inc. Common Stock,US,FL,NASDAQ,,,2022-11-09
ASPN,Aspen Aerogels Inc.,US,MA,NYSE,Industrials,Building Products & Equipment,2014-06-13
ASPS,Altisource Portfolio Solutions S.A.,LU,,NASDAQ,Real Estate,Real Estate Services,2009-07-31
ASPU,Aspen Group Inc.,US,NY,NASDAQ,Consumer Defensive,Education & Training Services,2010-12-17
ASR,Grupo Aeroportuario del Sureste S. A. B. de C. V.,MX,DF,NYSE,Industrials,Airports & Air Services,2001-08-29
ASRT,Assertio Holdings Inc.,US,IL,NASDAQ,Healthcare,Drug Manufacturers-Specialty & Generic,1997-02-12
ASRV,AmeriServ Financial Inc.,US,PA,NASDAQ,Financial Services,Banks-Regional,1985-01-30
ASST,Asset Entities Inc.,US,TX,NASDAQ,Communication Services,Internet Content & Information,2023-02-03
ASTC,Astrotech Corporation,US,TX,NASDAQ,Industrials,Aerospace & Defense,1995-12-21
ASTE,Astec Industries Inc.,US,TN,NASDAQ,Industrials,Farm & Heavy Construction Machinery,1986-06-18
ASTI,Ascent Solar Technologies Inc. Common Stock,US,CO,PNK,Technology,Solar,2006-08-10
ASTL,Algoma Steel Group Inc.,CA,ON,NASDAQ,Basic Materials,Steel,2021-03-04
ASTLW,Algoma Steel Group Inc.,,,NASDAQ,,,
ASTR,Astra Space Inc.,US,CA,NASDAQ,Industrials,Aerospace & Defense,2021-06-28
ASTS,AST SpaceMobile Inc.,US,TX,NASDAQ,Communication Services,Telecom Services,2019-09-11
ASTSW,AST SpaceMobile Inc.,US,,NASDAQ,Industrials,,2019-11-01
ASUR,Asure Software Inc.,US,TX,NASDAQ,Technology,Software-Application,1992-04-07
ASX,ASE Technology Holding Co. Ltd.,TW,,NYSE,Technology,Semiconductors,2001-08-28
ASXC,Asensus Surgical Inc.,US,NC,AMEX,Healthcare,Medical Devices,1991-08-06
ASYS,Amtech Systems Inc.,US,AZ,NASDAQ,Technology,Semiconductor Equipment & Materials,1983-08-09
ATAI,Atai Life Sciences N.V.,DE,,NASDAQ,Healthcare,Biotechnology,2019-10-16
ATAK,Aurora Technology Acquisition Corp.,US,CA,NASDAQ,Financial Services,Shell Companies,2022-03-21
ATAT,Atour Lifestyle Holdings Limited,CN,,NASDAQ,Consumer Cyclical,Lodging,2022-11-11
ATAX,America First Multifamily Investors L.P.,US,NEBRASKA,NASDAQ,Financial Services,Mortgage Finance,1986-04-25
ATCO,Atlas Corp.,GB,,NYSE,Financial Services,Asset Management,2005-08-09
ATEC,Alphatec Holdings Inc.,US,CA,NASDAQ,Healthcare,Medical Devices,2006-06-02
ATEN,A10 Networks Inc.,US,CA,NYSE,Technology,Software-Infrastructure,2014-03-21
ATER,Aterian Inc.,US,NY,NASDAQ,Consumer Cyclical,Furnishings, Fixtures & Appliances,2019-06-12
ATEX,Anterix Inc.,US,NJ,NASDAQ,Communication Services,Telecom Services,2015-02-03
ATGE,Adtalem Global Education Inc.,US,IL,NYSE,Consumer Defensive,Education & Training Services,1995-11-14
ATHA,Athira Pharma Inc.,US,WA,NASDAQ,Healthcare,Biotechnology,2020-09-18
ATHE,Alterity Therapeutics Limited,AU,VIC,NASDAQ,Healthcare,Biotechnology,2019-04-09
ATHM,Autohome Inc.,CN,,NYSE,Communication Services,Internet Content & Information,2013-12-11
ATHX,Athersys Inc.,US,OH,NASDAQ,Healthcare,Biotechnology,2007-06-12
ATI,ATI Inc.,US,TX,NYSE,Industrials,Metal Fabrication,1999-11-23
ATIF,ATIF Holdings Limited,CN,,NASDAQ,Financial Services,Capital Markets,2019-05-03
ATIP,ATI Physical Therapy Inc.,US,IL,NYSE,Healthcare,Medical Care Facilities,2020-10-02
ATKR,Atkore Inc.,US,IL,NYSE,Industrials,Electrical Equipment & Parts,2016-06-09
ATLC,Atlanticus Holdings Corporation,US,GA,NASDAQ,Financial Services,Credit Services,1999-04-23
ATLO,Ames National Corporation,US,IA,NASDAQ,Financial Services,Banks-Regional,2000-03-13
ATLX,Atlas Lithium Corporation,US,CA,NASDAQ,Basic Materials,Other Precious Metals & Mining,2013-02-28
ATMC,AlphaTime Acquisition Corp,US,NY,NASDAQ,Financial Services,Shell Companies,2023-01-19
ATMV,AlphaVest Acquisition Corp,US,NY,NASDAQ,Financial Services,Shell Companies,2023-01-25
ATNF,180 Life Sciences Corp.,US,CA,NASDAQ,Healthcare,Biotechnology,2018-06-07
ATNFW,CannBioRx Life Sciences Corp.,,,NASDAQ,,,
ATNI,ATN International Inc.,US,MA,NASDAQ,Communication Services,Telecom Services,1991-11-14
ATNM,Actinium Pharmaceuticals Inc.,US,NY,AMEX,Healthcare,Biotechnology,2014-03-26
ATNX,Athenex Inc.,US,NY,NASDAQ,Healthcare,Drug Manufacturers-Specialty & Generic,2017-06-14
ATO,Atmos Energy Corporation,US,TX,NYSE,Utilities,Utilities-Regulated Gas,1988-10-03
ATOM,Atomera Incorporated,US,CA,NASDAQ,Technology,Semiconductor Equipment & Materials,2016-08-05
ATOS,Atossa Therapeutics Inc.,US,WA,NASDAQ,Healthcare,Biotechnology,2012-11-08
ATR,AptarGroup Inc.,US,IL,NYSE,Healthcare,Medical Instruments & Supplies,1993-04-23
ATRA,Atara Biotherapeutics Inc.,US,CA,NASDAQ,Healthcare,Biotechnology,2014-10-16
ATRC,AtriCure Inc.,US,OH,NASDAQ,Healthcare,Medical Instruments & Supplies,2005-08-05
ATRI,Atrion Corporation,US,TX,NASDAQ,Healthcare,Medical Instruments & Supplies,1980-03-18
ATRO,Astronics Corporation,US,NY,NASDAQ,Industrials,Aerospace & Defense,1972-04-20
ATSG,Air Transport Services Group Inc.,US,OH,NASDAQ,Industrials,Airlines,2003-07-23
ATTO,Atento S.A.,LU,,NYSE,Industrials,Specialty Business Services,2014-10-02
ATUS,Altice USA Inc.,US,NY,NYSE,Communication Services,Telecom Services,2017-06-22
ATVI,Activision Blizzard Inc.,US,CA,NASDAQ,Communication Services,Electronic Gaming & Multimedia,1983-06-10
ATXG,Addentax Group Corp.,CN,,PNK,Industrials,Integrated Freight & Logistics,2016-12-13
ATXI,Avenue Therapeutics Inc.,US,NY,NASDAQ,Healthcare,Biotechnology,2017-06-27
ATXS,Astria Therapeutics Inc.,US,MA,NASDAQ,Healthcare,Biotechnology,2015-06-25
AU,AngloGold Ashanti Limited,ZA,,NYSE,Basic Materials,Gold,2001-08-29
AUB,Atlantic Union Bankshares Corporation,US,VA,NASDAQ,Financial Services,Banks-Regional,1993-10-06
AUBN,Auburn National Bancorporation Inc.,US,AL,NASDAQ,Financial Services,Banks-Regional,1995-07-20
AUDC,AudioCodes Ltd.,IL,,NASDAQ,Technology,Communication Equipment,1999-05-28
AUGX,Augmedix Inc.,US,CA,NASDAQ,Healthcare,Health Information Services,2021-08-09
AUID,authID Inc.,US,CO,NASDAQ,Technology,Software-Infrastructure,2021-07-19
AULT,Ault Alliance Inc.,US,NV,ASE,Industrials,Aerospace & Defense,1996-12-17
AUMN,Golden Minerals Company,US,CO,AMEX,Basic Materials,Other Precious Metals & Mining,1997-11-25
AUPH,Aurinia Pharmaceuticals Inc.,CA,BC,NASDAQ,Healthcare,Biotechnology,2000-09-19
AUR,Aurora Innovation Inc.,US,PA,NASDAQ,Technology,Information Technology Services,2021-05-10
AURA,Aura Biosciences Inc.,US,MA,NASDAQ,Healthcare,Biotechnology,2021-10-29
AUROW,Aurora Innovation Inc.,US,CA,NASDAQ,,Information Technology Services,2021-11-04
AUST,Austin Gold Corp.,CA,BC,AMEX,Basic Materials,Gold,2015-11-10
AUTL,Autolus Therapeutics plc,GB,,NASDAQ,Healthcare,Biotechnology,2018-06-22
AUUD,Auddia Inc.,US,CO,NASDAQ,Technology,Software-Application,2021-02-17
AUUDW,Auddia Inc.,US,CO,NASDAQ,,,2021-02-17
AUVI,Applied UV Inc.,US,NY,NASDAQ,Consumer Cyclical,Furnishings, Fixtures & Appliances,2020-08-31
AVA,Avista Corporation,US,WA,NYSE,Utilities,Utilities-Diversified,1981-05-22
AVAH,Aveanna Healthcare Holdings Inc.,US,GA,NASDAQ,Healthcare,Medical Care Facilities,2021-04-28
AVAL,Grupo Aval Acciones y Valores S.A.,CO,,NYSE,Financial Services,Banks-Regional,2014-09-23
AVAV,AeroVironment Inc.,US,VA,NASDAQ,Industrials,Aerospace & Defense,2007-01-23
AVB,AvalonBay Communities Inc.,US,VA,NYSE,Real Estate,REIT-Residential,1994-03-11
AVCO,Avalon GloboCare Corp.,US,NEW JERSEY,NASDAQ,Real Estate,Real Estate Services,2016-02-22
AVCT,American Virtual Cloud Technologies Inc.,US,GA,NASDAQ,Technology,Information Technology Services,2017-07-27
AVCTW,American Virtual Cloud Technologies Inc,US,,NASDAQ,Industrials,,2017-08-08
AVD,American Vanguard Corporation,US,CA,NYSE,Basic Materials,Agricultural Inputs,1987-03-03
AVDL,Avadel Pharmaceuticals plc,IE,,NASDAQ,Healthcare,Drug Manufacturers-Specialty & Generic,1952-01-16
AVDX,AvidXchange Holdings Inc.,US,NC,NASDAQ,Technology,Software-Infrastructure,2011-05-27
AVEO,AVEO Pharmaceuticals Inc.,US,MA,NASDAQ,Healthcare,Biotechnology,2010-03-12
AVGO,Broadcom Inc.,US,CA,NASDAQ,Technology,Semiconductors,2016-02-01
AVGOP,Broadcom Inc.,US,CA,NASDAQ,Technology,Semiconductors,2019-09-25
AVGR,Avinger Inc.,US,CA,NASDAQ,Healthcare,Medical Instruments & Supplies,2015-01-30
AVHI,Achari Ventures Holdings Corp. I,US,NJ,NASDAQ,Financial Services,Shell Companies,2021-11-17
AVID,Avid Technology Inc.,US,MA,NASDAQ,Communication Services,Electronic Gaming & Multimedia,1993-03-12
AVIR,Atea Pharmaceuticals Inc.,US,MA,NASDAQ,Healthcare,Biotechnology,2020-10-30
AVK,Advent Convertible and Income Fund,US,NY,NYSE,Financial Services,Asset Management,2003-04-30
AVNS,Avanos Medical Inc.,US,GA,NYSE,Healthcare,Medical Devices,2014-10-21
AVNT,Avient Corporation,US,OH,NYSE,Basic Materials,Specialty Chemicals,1999-01-04
AVNW,Aviat Networks Inc.,US,TX,NASDAQ,Technology,Communication Equipment,1987-05-19
AVO,Mission Produce Inc.,US,CA,NASDAQ,Consumer Defensive,Food Distribution,2020-10-01
AVPT,AvePoint Inc.,US,NJ,NASDAQ,Technology,Software-Infrastructure,2021-06-28
AVPTW,AvePoint Inc,,,NASDAQ,,,
AVRO,AVROBIO Inc.,US,MA,NASDAQ,Healthcare,Biotechnology,2018-06-21
AVT,Avnet Inc.,US,AZ,NASDAQ,Technology,Electronics & Computer Distribution,1960-12-30
AVTA,Avantax Inc.,US,TX,NASDAQ,Financial Services,Asset Management,1998-12-15
AVTE,Aerovate Therapeutics Inc.,US,MA,NASDAQ,Healthcare,Biotechnology,2021-06-30
AVTR,Avantor Inc.,US,PA,NYSE,Basic Materials,Specialty Chemicals,2019-05-17
AVTX,Avalo Therapeutics Inc.,US,MD,NASDAQ,Healthcare,Biotechnology,2015-10-14
AVXL,Anavex Life Sciences Corp.,US,NY,NASDAQ,Healthcare,Biotechnology,2006-04-13
AVY,Avery Dennison Corporation,US,CA,NYSE,Industrials,Business Equipment & Supplies,1967-06-20
AVYA,Avaya Holdings Corp.,US,NC,NYSE,Technology,Software-Application,2017-12-18
AWF,AllianceBernstein Global High Income Fund,US,TN,NYSE,Financial Services,Asset Management,1993-07-27
AWH,Aspira Women's Health Inc.,US,TX,NASDAQ,Healthcare,Diagnostics & Research,2006-07-12
AWI,Armstrong World Industries Inc.,US,PA,NYSE,Industrials,Building Products & Equipment,2006-10-11
AWIN,AERWINS Technologies Inc.,JP,,NASDAQ,Technology,Scientific & Technical Instruments,2021-10-12
AWK,American Water Works Company Inc.,US,NJ,NYSE,Utilities,Utilities-Regulated Water,2008-04-23
AWP,abrdn Global Premier Properties Fund,GB,,NYSE,Financial Services,Asset Management,2007-04-26
AWR,American States Water Company,US,CA,NYSE,Utilities,Utilities-Regulated Water,1980-03-17
AWRE,Aware Inc.,US,MA,NASDAQ,Technology,Software-Application,1996-08-09
AWX,Avalon Holdings Corporation,US,OH,AMEX,Industrials,Waste Management,1998-05-29
AX,Axos Financial Inc.,US,NV,NYSE,Financial Services,Banks-Regional,2005-03-16
AXAC,AXIOS Sustainable Growth Acquisition Corporation,US,GA,NYSE,Financial Services,Shell Companies,
AXDX,Accelerate Diagnostics Inc.,US,AZ,NASDAQ,Healthcare,Medical Devices,1993-10-27
AXGN,AxoGen Inc.,US,FL,NASDAQ,Healthcare,Medical Devices,1986-12-17
AXHI,Industrial Human Capital Inc.,US,FL,PNK,Financial Services,Shell Companies,2021-12-10
AXL,American Axle & Manufacturing Holdings Inc.,US,MI,NYSE,Consumer Cyclical,Auto Parts,1999-01-29
AXLA,Axcella Health Inc.,US,MA,NASDAQ,Healthcare,Biotechnology,2019-05-09
AXNX,Axonics Inc.,US,CA,NASDAQ,Healthcare,Medical Devices,2018-10-31
AXON,Axon Enterprise Inc.,US,AZ,NASDAQ,Industrials,Aerospace & Defense,2001-06-07
AXP,American Express Company,US,NY,NYSE,Financial Services,Credit Services,1977-05-18
AXR,AMREP Corporation,US,PA,NYSE,Real Estate,Real Estate-Development,1980-03-17
AXS,AXIS Capital Holdings Limited,BM,,NYSE,Financial Services,Insurance-Property & Casualty,2003-07-01
AXSM,Axsome Therapeutics Inc.,US,NY,NASDAQ,Healthcare,Biotechnology,2015-11-19
AXTA,Axalta Coating Systems Ltd.,US,PA,NYSE,Basic Materials,Specialty Chemicals,2014-11-12
AXTI,AXT Inc.,US,CA,NASDAQ,Technology,Semiconductor Equipment & Materials,1998-05-21
AY,Atlantica Sustainable Infrastructure plc,GB,,NASDAQ,Utilities,Utilities-Renewable,2014-06-13
AYI,Acuity Brands Inc.,US,GA,NYSE,Industrials,Electrical Equipment & Parts,2002-10-24
AYLA,Ayala Pharmaceuticals Inc.,IL,,NASDAQ,Healthcare,Biotechnology,2020-05-08
AYRO,Ayro Inc.,US,TX,NASDAQ,Consumer Cyclical,Auto Manufacturers,2000-01-10
AYTU,Aytu BioPharma Inc.,US,CO,NASDAQ,Healthcare,Drug Manufacturers-Specialty & Generic,2017-10-20
AYX,Alteryx Inc.,US,CA,NYSE,Technology,Software-Application,2017-03-24
AZ,A2Z Smart Technologies Corp.,CA,BC,NASDAQ,Industrials,Aerospace & Defense,2022-01-05
AZEK,The AZEK Company Inc.,US,IL,NYSE,Industrials,Building Products & Equipment,2020-06-12
AZN,AstraZeneca PLC,GB,,NASDAQ,Healthcare,Drug Manufacturers-General,2001-08-29
AZO,AutoZone Inc.,US,TN,NYSE,Consumer Cyclical,Specialty Retail,1991-04-02
AZPN,Aspen Technology Inc.,US,MA,NASDAQ,Technology,Software-Application,1994-10-27
AZRE,Azure Power Global Limited,IN,,NYSE,Utilities,Utilities-Renewable,2016-10-12
AZTA,Azenta Inc.,US,MA,NASDAQ,Healthcare,Medical Instruments & Supplies,1995-02-02
AZUL,Azul S.A.,BR,SP,NYSE,Industrials,Airlines,2017-04-11
AZYO,Aziyo Biologics Inc.,US,MD,NASDAQ,Healthcare,Medical Devices,2020-10-08
AZZ,AZZ Inc.,US,TX,NYSE,Industrials,Metal Fabrication,1980-03-17